6h return,daily fractional period,daily return,weekly fractional period,weekly return,monthly fractional period,monthly return,annual fractional period,annual return
0,0.25,0.0,0.05158730158730159,0.0,0.011904761904761904,0.0,0.000684476751747127,0.0
0.012460998235024112,0.25,0.04984399294009645,0.05158730158730159,0.24155165809431353,0.011904761904761904,1.0467238517420254,0.000684476751747127,18.205144591423178
0.002489083641441736,0.25,0.009956334565766944,0.05158730158730159,0.04824992904948596,0.011904761904761904,0.20908302588110583,0.000684476751747127,3.636476527637133
0.004106019086405732,0.25,0.01642407634562293,0.05158730158730159,0.07959360075186496,0.011904761904761904,0.3449056032580815,0.000684476751747127,5.998770704666183
-0.003998922584818043,0.25,-0.015995690339272173,0.05158730158730159,-0.07751757625954975,0.011904761904761904,-0.33590949712471563,0.000684476751747127,-5.842305928741617
-0.0047636011865453964,0.25,-0.019054404746181586,0.05158730158730159,-0.09234057684687999,0.011904761904761904,-0.4001424996698133,0.000684476751747127,-6.9594784255072275
0.003114561309398356,0.25,0.012458245237593424,0.05158730158730159,0.060374573074491206,0.011904761904761904,0.2616231499894619,0.000684476751747127,4.550280636191716
0.002164584820774751,0.25,0.008658339283099004,0.05158730158730159,0.04195964421809517,0.011904761904761904,0.18182512494507908,0.000684476751747127,3.1623934856072875
2.9256430689184043e-06,0.25,1.1702572275673617e-05,0.05158730158730159,5.671246564364906e-05,0.011904761904761904,0.00024575401778914596,0.000684476751747127,0.004274276754397721
-0.0023411498200306413,0.25,-0.009364599280122565,0.05158730158730159,-0.045382288819055504,0.011904761904761904,-0.19665658488257387,0.000684476751747127,-3.4203496525701658
0.013874801564524475,0.25,0.0554992062580979,0.05158730158730159,0.26895769186616675,0.011904761904761904,1.165483331420056,0.000684476751747127,20.27066884172332
0.007816238915878015,0.25,0.03126495566351206,0.05158730158730159,0.15151478513855843,0.011904761904761904,0.6565640689337533,0.000684476751747127,11.419290568930304
-0.006405208893248027,0.25,-0.025620835572992107,0.05158730158730159,-0.12416251085373096,0.011904761904761904,-0.5380375470328342,0.000684476751747127,-9.357818036768569
0.011963768563144406,0.25,0.04785507425257762,0.05158730158730159,0.23191305214710692,0.011904761904761904,1.00495655930413,0.000684476751747127,17.47870695769708
0.010470718328661643,0.25,0.041882873314646574,0.05158730158730159,0.20297084760174877,0.011904761904761904,0.879540339607578,0.000684476751747127,15.2974053566248
0.02373551206431479,0.25,0.09494204825725916,0.05158730158730159,0.4601037723236405,0.011904761904761904,1.9937830134024424,0.000684476751747127,34.676871060601975
0.02427125596530222,0.25,0.09708502386120887,0.05158730158730159,0.4704889617889353,0.011904761904761904,2.0387855010853864,0.000684476751747127,35.45957682762758
0.004214411944559293,0.25,0.016857647778237173,0.05158730158730159,0.0816947546176109,0.011904761904761904,0.3540106033429806,0.000684476751747127,6.15712941864279
-0.012046210234715082,0.25,-0.04818484093886033,0.05158730158730159,-0.23351115224216926,0.011904761904761904,-1.011881659716067,0.000684476751747127,-17.599151766611694
-0.036036820001662306,0.25,-0.14414728000664923,0.05158730158730159,-0.6985598954168385,0.011904761904761904,-3.0270928801396337,0.000684476751747127,-52.648712917828576
0.060720506360664395,0.25,0.24288202544265758,0.05158730158730159,1.1770436617605713,0.011904761904761904,5.100522534295809,0.000684476751747127,88.71083817773986
0.029261654394996395,0.25,0.11704661757998558,0.05158730158730159,0.5672259159645454,0.011904761904761904,2.457978969179697,0.000684476751747127,42.75039922145788
-0.00842322725823974,0.25,-0.03369290903295896,0.05158730158730159,-0.16328102069818573,0.011904761904761904,-0.7075510896921382,0.000684476751747127,-12.306082327470513
-0.007403050650360954,0.25,-0.029612202601443816,0.05158730158730159,-0.14350528953007385,0.011904761904761904,-0.6218562546303201,0.000684476751747127,-10.815634908657842
-0.016917308615921445,0.25,-0.06766923446368578,0.05158730158730159,-0.32793552086247724,0.011904761904761904,-1.4210539237374014,0.000684476751747127,-24.71568036860275
0.008950526596056774,0.25,0.035802106384227095,0.05158730158730159,0.1735025155543313,0.011904761904761904,0.751844234068769,0.000684476751747127,13.076450841041064
0.018753406616299984,0.25,0.07501362646519993,0.05158730158730159,0.3635275744082766,0.011904761904761904,1.5752861557691986,0.000684476751747127,27.398164464215785
0.002630455542586896,0.25,0.010521822170347583,0.05158730158730159,0.05099036897937675,0.011904761904761904,0.22095826557729925,0.000684476751747127,3.843016634053177
0.004991278483288397,0.25,0.01996511393315359,0.05158730158730159,0.096754013676052,0.011904761904761904,0.41926739259622536,0.000684476751747127,7.2921081257298495
0.016046493885448765,0.25,0.06418597554179506,0.05158730158730159,0.3110551122410068,0.011904761904761904,1.3479054863776962,0.000684476751747127,23.443446171824082
-0.0020453512261601192,0.25,-0.008181404904640477,0.05158730158730159,-0.03964834684556538,0.011904761904761904,-0.17180950299745001,0.000684476751747127,-2.988196780883149
-0.014968056701553212,0.25,-0.05987222680621285,0.05158730158730159,-0.2901500222147238,0.011904761904761904,-1.2573167629304698,0.000684476751747127,-21.867881799268194
0.009020460089861349,0.25,0.036081840359445394,0.05158730158730159,0.17485814943423536,0.011904761904761904,0.7577186475483533,0.000684476751747127,13.178621577484734
-0.0015056917340726672,0.25,-0.006022766936290669,0.05158730158730159,-0.02918725515279324,0.011904761904761904,-0.12647810566210405,0.000684476751747127,-2.1997704527281443
-0.0075220272563897295,0.25,-0.030088109025558918,0.05158730158730159,-0.1458116052777086,0.011904761904761904,-0.6318502895367373,0.000684476751747127,-10.989456160767702
0.005699068629438919,0.25,0.022796274517755677,0.05158730158730159,0.11047425343220058,0.011904761904761904,0.4787217648728692,0.000684476751747127,8.326168295551378
0.00861162741309407,0.25,0.03444650965237628,0.05158730158730159,0.16693308523843886,0.011904761904761904,0.7233767026999018,0.000684476751747127,12.581329301708042
-0.0015512493051702547,0.25,-0.006204997220681019,0.05158730158730159,-0.030070371146377242,0.011904761904761904,-0.1303049416343014,0.000684476751747127,-2.266328697374587
-0.005260974989417022,0.25,-0.02104389995766809,0.05158730158730159,-0.10198197671792995,0.011904761904761904,-0.44192189911102986,0.000684476751747127,-7.6861266302885864
-0.008578681232613627,0.25,-0.03431472493045451,0.05158730158730159,-0.1662944362014334,0.011904761904761904,-0.7206092235395447,0.000684476751747127,-12.533195920411531
-0.007861344928460912,0.25,-0.031445379713843646,0.05158730158730159,-0.1523891478440115,0.011904761904761904,-0.6603529739907166,0.000684476751747127,-11.485189100133537
0.04840722157513899,0.25,0.19362888630055597,0.05158730158730159,0.938355372071925,0.011904761904761904,4.066206612311675,0.000684476751747127,70.72149850463082
0.0010931182027329456,0.25,0.004372472810931782,0.05158730158730159,0.021189675929900176,0.011904761904761904,0.09182192902956743,0.000684476751747127,1.5970129006467515
0.006472477823738609,0.25,0.025889911294954437,0.05158730158730159,0.12546649319862535,0.011904761904761904,0.5436881371940432,0.000684476751747127,9.456095926147396
-0.0060987105797852825,0.25,-0.02439484231914113,0.05158730158730159,-0.11822115893122238,0.011904761904761904,-0.5122916887019637,0.000684476751747127,-8.910033195748904
-0.0047450184105143345,0.25,-0.018980073642057338,0.05158730158730159,-0.0919803568807394,0.011904761904761904,-0.3985815464832041,0.000684476751747127,-6.932329547209127
-0.017478941654141877,0.25,-0.06991576661656751,0.05158730158730159,-0.3388225612956733,0.011904761904761904,-1.4682310989479177,0.000684476751747127,-25.536209388451656
0.0074444918374039215,0.25,0.029777967349615686,0.05158730158730159,0.1443086110019837,0.011904761904761904,0.6253373143419294,0.000684476751747127,10.876179239692007
0.014339321346510836,0.25,0.057357285386043344,0.05158730158730159,0.2779622291785177,0.011904761904761904,1.2045029931069102,0.000684476751747127,20.949318307611936
0.0029402415958281747,0.25,0.011760966383312699,0.05158730158730159,0.056995452472976924,0.011904761904761904,0.24698029404956667,0.000684476751747127,4.295604764257088
-0.016769921736385585,0.25,-0.06707968694554234,0.05158730158730159,-0.3250784828899359,0.011904761904761904,-1.408673425856389,0.000684476751747127,-24.500352559207247
0.005973365864075042,0.25,0.023893463456300168,0.05158730158730159,0.11579139982668542,0.011904761904761904,0.5017627325823035,0.000684476751747127,8.726908326437714
-0.00889687764042324,0.25,-0.03558751056169296,0.05158730158730159,-0.17246255118358894,0.011904761904761904,-0.7473377217955521,0.000684476751747127,-12.99807132632914
-0.003557395861980006,0.25,-0.014229583447920024,0.05158730158730159,-0.06895875055530473,0.011904761904761904,-0.2988212524063205,0.000684476751747127,-5.19724863247693
-0.02028803487243458,0.25,-0.08115213948973832,0.05158730158730159,-0.3932757529118087,0.011904761904761904,-1.7041949292845047,0.000684476751747127,-29.640210307580745
0.0017781285463256413,0.25,0.007112514185302565,0.05158730158730159,0.034468337974927814,0.011904761904761904,0.14936279789135387,0.000684476751747127,2.597792462325372
-0.0534509411108669,0.25,-0.2138037644434676,0.05158730158730159,-1.0361259353798813,0.011904761904761904,-4.48987905331282,0.000684476751747127,-78.09022143474321
0.004115202274298513,0.25,0.01646080909719405,0.05158730158730159,0.07977161331717117,0.011904761904761904,0.3456769910410751,0.000684476751747127,6.012187066681898
0.0014663670625330028,0.25,0.005865468250132011,0.05158730158730159,0.028424961519870513,0.011904761904761904,0.12317483325277223,0.000684476751747127,2.142318287348841
0.012842568434393353,0.25,0.05137027373757341,0.05158730158730159,0.2489482496513173,0.011904761904761904,1.0787757484890417,0.000684476751747127,18.762607205595657
-0.007530331726036232,0.25,-0.03012132690414493,0.05158730158730159,-0.14597258422777926,0.011904761904761904,-0.6325478649870435,0.000684476751747127,-11.001588741787154
-0.005848118515032086,0.25,-0.023392474060128343,0.05158730158730159,-0.11336352813754504,0.011904761904761904,-0.4912419552626952,0.000684476751747127,-8.543925706906426
-0.016223033903258632,0.25,-0.06489213561303453,0.05158730158730159,-0.31447727258624425,0.011904761904761904,-1.3627348478737251,0.000684476751747127,-23.701365841643764
-0.030090328384303255,0.25,-0.12036131353721302,0.05158730158730159,-0.5832894425264938,0.011904761904761904,-2.5275875842814735,0.000684476751747127,-43.96106705961552
0.006440352315780551,0.25,0.025761409263122204,0.05158730158730159,0.12484375258282297,0.011904761904761904,0.5409895945255663,0.000684476751747127,9.409161522785912
0.009366052226337684,0.25,0.03746420890535074,0.05158730158730159,0.18155732007977662,0.011904761904761904,0.7867483870123655,0.000684476751747127,13.683521321112567
0.018340339804590045,0.25,0.07336135921836018,0.05158730158730159,0.35552043313513004,0.011904761904761904,1.5405885435855637,0.000684476751747127,26.794686244311915
1.9225095998276487e-05,0.25,7.690038399310595e-05,0.05158730158730159,0.000372671091658898,0.011904761904761904,0.001614908063855225,0.000684476751747127,0.028087288500601996
-0.0028561780801813486,0.25,-0.011424712320725394,0.05158730158730159,-0.0553659135542846,0.011904761904761904,-0.23991895873523328,0.000684476751747127,-4.172790489802544
-0.010032210017807297,0.25,-0.04012884007122919,0.05158730158730159,-0.1944705326528799,0.011904761904761904,-0.842705641495813,0.000684476751747127,-14.656757869715927
-0.02491783784605417,0.25,-0.09967135138421668,0.05158730158730159,-0.4830227028619731,0.011904761904761904,-2.0930983790685502,0.000684476751747127,-36.40421355794976
0.0035032521997104826,0.25,0.01401300879884193,0.05158730158730159,0.06790919648669551,0.011904761904761904,0.29427318477568054,0.000684476751747127,5.118146366211024
-0.03927601163535388,0.25,-0.15710404654141552,0.05158730158730159,-0.7613503793930136,0.011904761904761904,-3.299184977369726,0.000684476751747127,-57.38107471890296
-0.031248874381193836,0.25,-0.12499549752477535,0.05158730158730159,-0.6057474110816036,0.011904761904761904,-2.6249054480202823,0.000684476751747127,-45.653668004692754
0.011530570388697647,0.25,0.04612228155479059,0.05158730158730159,0.22351567215013898,0.011904761904761904,0.9685679126506024,0.000684476751747127,16.8458174207756
-0.04696032480089618,0.25,-0.18784129920358472,0.05158730158730159,-0.9103078346019874,0.011904761904761904,-3.944667283275279,0.000684476751747127,-68.60762572436529
-0.015417964218110813,0.25,-0.061671856872443254,0.05158730158730159,-0.29887130638184034,0.011904761904761904,-1.2951089943213083,0.000684476751747127,-22.525183183733354
0.05894308959045347,0.25,0.23577235836181387,0.05158730158730159,1.142589121291867,0.011904761904761904,4.951219525598091,0.000684476751747127,86.11408559896479
0.0018006266201395782,0.25,0.007202506480558313,0.05158730158730159,0.03490445448270567,0.011904761904761904,0.15125263609172457,0.000684476751747127,2.6306614732253193
0.06587680362470616,0.25,0.26350721449882464,0.05158730158730159,1.2769965010327655,0.011904761904761904,5.533651504475317,0.000684476751747127,96.24403379158696
-0.001831334114197114,0.25,-0.007325336456788456,0.05158730158730159,-0.03549970744443636,0.011904761904761904,-0.15383206559255758,0.000684476751747127,-2.6755242008185576
0.0060083482822157475,0.25,0.02403339312886299,0.05158730158730159,0.11646952054756679,0.011904761904761904,0.5047012557061228,0.000684476751747127,8.77801658986874
-0.016476059778011365,0.25,-0.06590423911204546,0.05158730158730159,-0.31938208185068184,0.011904761904761904,-1.3839890213529547,0.000684476751747127,-24.07102905388126
0.005712665675388751,0.25,0.022850662701555002,0.05158730158730159,0.110737826938305,0.011904761904761904,0.47986391673265505,0.000684476751747127,8.346033171772703
0.011154235509541532,0.25,0.04461694203816613,0.05158730158730159,0.216220565261882,0.011904761904761904,0.9369557828014887,0.000684476751747127,16.29600345237489
-0.03585143989946804,0.25,-0.14340575959787216,0.05158730158730159,-0.694966373435842,0.011904761904761904,-3.0115209515553154,0.000684476751747127,-52.37787814992582
-0.020324905681020633,0.25,-0.08129962272408253,0.05158730158730159,-0.3939904793551692,0.011904761904761904,-1.7072920772057332,0.000684476751747127,-29.694077452800713
0.00011394795410724079,0.25,0.00045579181642896316,0.05158730158730159,0.0022088372642326674,0.011904761904761904,0.009571628145008226,0.000684476751747127,0.16647454251205557
-0.0014177110705716478,0.25,-0.005670844282286591,0.05158730158730159,-0.027481783829542708,0.011904761904761904,-0.11908772992801842,0.000684476751747127,-2.07123334277306
0.010013105368511077,0.25,0.04005242147404431,0.05158730158730159,0.19410019637421472,0.011904761904761904,0.8411008509549305,0.000684476751747127,14.628846550233627
0.011539467797841318,0.25,0.046157871191365274,0.05158730158730159,0.22368814500430861,0.011904761904761904,0.9693152950186708,0.000684476751747127,16.85881626861223
-0.021822612900898153,0.25,-0.08729045160359261,0.05158730158730159,-0.4230229577712565,0.011904761904761904,-1.8330994836754448,0.000684476751747127,-31.88218276982517
-0.0013215518243288038,0.25,-0.005286207297315215,0.05158730158730159,-0.025617773825450656,0.011904761904761904,-0.11101035324361952,0.000684476751747127,-1.9307475687896525
0.018718136304003652,0.25,0.07487254521601461,0.05158730158730159,0.36284387296991694,0.011904761904761904,1.5723234495363068,0.000684476751747127,27.346635596060214
-0.005857077084655327,0.25,-0.023428308338621306,0.05158730158730159,-0.11353718656408786,0.011904761904761904,-0.49199447511104744,0.000684476751747127,-8.557013908368893
0.025971545962950593,0.25,0.10388618385180237,0.05158730158730159,0.5034484294356576,0.011904761904761904,2.18160986088785,0.000684476751747127,37.943649505491926
0.009068066250135454,0.25,0.036272265000541815,0.05158730158730159,0.17578097654108724,0.011904761904761904,0.7617175650113781,0.000684476751747127,13.248172749460393
-0.014376223698556179,0.25,-0.057504894794224715,0.05158730158730159,-0.27867756707970437,0.011904761904761904,-1.207602790678719,0.000684476751747127,-21.003231536879618
0.058992481176297185,0.25,0.23596992470518874,0.05158730158730159,1.1435465581866837,0.011904761904761904,4.9553684188089635,0.000684476751747127,86.1862452241349
-0.013322665754219698,0.25,-0.05329066301687879,0.05158730158730159,-0.25825475154333566,0.011904761904761904,-1.1191039233544546,0.000684476751747127,-19.464014986942352
0.011101764462970953,0.25,0.04440705785188381,0.05158730158730159,0.21520343420528307,0.011904761904761904,0.9325482148895601,0.000684476751747127,16.219344827466674
0.0003636261414847741,0.25,0.0014545045659390965,0.05158730158730159,0.007048752896474083,0.011904761904761904,0.030544595884721026,0.000684476751747127,0.5312468839250104
-0.013162219350154492,0.25,-0.052648877400617966,0.05158730158730159,-0.25514455971068706,0.011904761904761904,-1.1056264254129773,0.000684476751747127,-19.229607603995206
0.000979407309047664,0.25,0.003917629236190656,0.05158730158730159,0.0189854339907701,0.011904761904761904,0.08227021396000378,0.000684476751747127,1.4308846962993658
0.0069940354559649975,0.25,0.02797614182385999,0.05158730158730159,0.13557668730024455,0.011904761904761904,0.5874989783010598,0.000684476751747127,10.218075980101181
-0.0075683115745952545,0.25,-0.030273246298381018,0.05158730158730159,-0.14670880898446184,0.011904761904761904,-0.6357381722660014,0.000684476751747127,-11.057076161136429
-0.02428685261351682,0.25,-0.09714741045406727,0.05158730158730159,-0.47079129681586446,0.011904761904761904,-2.0400956195354127,0.000684476751747127,-35.482363062769664
0.00091479450310894,0.25,0.00365917801243576,0.05158730158730159,0.017732939598727144,0.011904761904761904,0.07684273826115096,0.000684476751747127,1.336487325207068
0.009282531832871088,0.25,0.03713012733148435,0.05158730158730159,0.17993830937565491,0.011904761904761904,0.7797326739611714,0.000684476751747127,13.561500531869672
0.013028847864469117,0.25,0.05211539145787647,0.05158730158730159,0.25255920475740135,0.011904761904761904,1.0944232206154059,0.000684476751747127,19.034755864553446
-0.007232338842696251,0.25,-0.028929355370785004,0.05158730158730159,-0.14019610679688116,0.011904761904761904,-0.6075164627864851,0.000684476751747127,-10.566230079013941
0.0018683659680818199,0.25,0.0074734638723272795,0.05158730158730159,0.03621755568897066,0.011904761904761904,0.15694274131887287,0.000684476751747127,2.729626628388496
-0.0006909051687400414,0.25,-0.0027636206749601655,0.05158730158730159,-0.013392930963268494,0.011904761904761904,-0.058036034174163476,0.000684476751747127,-1.0093917243741382
-0.0022961925019543417,0.25,-0.009184770007817367,0.05158730158730159,-0.04451080849942262,0.011904761904761904,-0.1928801701641647,0.000684476751747127,-3.3546683595802342
-0.018203567248296748,0.25,-0.07281426899318699,0.05158730158730159,-0.35286914973621386,0.011904761904761904,-1.5290996488569268,0.000684476751747127,-26.5948656427441
0.007029645036969789,0.25,0.028118580147879157,0.05158730158730159,0.13626696533202975,0.011904761904761904,0.5904901831054623,0.000684476751747127,10.270100509661752
-0.0004957604378719171,0.25,-0.0019830417514876686,0.05158730158730159,-0.009610125411055624,0.011904761904761904,-0.04164387678124104,0.000684476751747127,-0.7242911269177348
0.0148204077064924,0.25,0.0592816308259696,0.05158730158730159,0.287287903233545,0.011904761904761904,1.2449142473453616,0.000684476751747127,21.6521710469542
-0.007870814133779436,0.25,-0.03148325653511774,0.05158730158730159,-0.15257270474710904,0.011904761904761904,-0.6611483872374726,0.000684476751747127,-11.499023325027741
-0.00745195134094967,0.25,-0.02980780536379868,0.05158730158730159,-0.1444532106091782,0.011904761904761904,-0.6259639126397722,0.000684476751747127,-10.887077350587239
0.028111777152144635,0.25,0.11244710860857854,0.05158730158730159,0.5449359878723421,0.011904761904761904,2.3613892807801493,0.000684476751747127,41.070463065968745
0.0013872704255417645,0.25,0.005549081702167058,0.05158730158730159,0.026891703633578817,0.011904761904761904,0.11653071574550822,0.000684476751747127,2.0267604736037517
0.004818280215565185,0.25,0.01927312086226074,0.05158730158730159,0.0934005087940328,0.011904761904761904,0.40473553810747553,0.000684476751747127,7.039362846534268
0.005156345415026298,0.25,0.02062538166010519,0.05158730158730159,0.09995377266050977,0.011904761904761904,0.433133014862209,0.000684476751747127,7.53326596099097
-0.03711365559742785,0.25,-0.1484546223897114,0.05158730158730159,-0.7194339392732167,0.011904761904761904,-3.1175470701839396,0.000684476751747127,-54.221937418174164
0.007971504407051189,0.25,0.031886017628204755,0.05158730158730159,0.1545245469674538,0.011904761904761904,0.6696063701922998,0.000684476751747127,11.646128793569574
-0.02669035216759874,0.25,-0.10676140867039496,0.05158730158730159,-0.5173822112488371,0.011904761904761904,-2.2419895820782942,0.000684476751747127,-38.99380380629673
0.01749647867627302,0.25,0.06998591470509208,0.05158730158730159,0.339162509724677,0.011904761904761904,1.4697042088069336,0.000684476751747127,25.56183045167459
-0.03830697209677136,0.25,-0.15322788838708545,0.05158730158730159,-0.7425659206451064,0.011904761904761904,-3.2177856561287945,0.000684476751747127,-55.965337024220055
-0.018088365285687358,0.25,-0.07235346114274943,0.05158730158730159,-0.350636003999478,0.011904761904761904,-1.519422683997738,0.000684476751747127,-26.426559031430656
-0.011974706887793674,0.25,-0.047898827551174694,0.05158730158730159,-0.23212508736338502,0.011904761904761904,-1.0058753785746686,0.000684476751747127,-17.494687521859923
0.0030437200076325333,0.25,0.012174880030530133,0.05158730158730159,0.05900134168641526,0.011904761904761904,0.2556724806411328,0.000684476751747127,4.446783619550902
0.0042910156046407355,0.25,0.017164062418562942,0.05158730158730159,0.08317968710534349,0.011904761904761904,0.3604453107898218,0.000684476751747127,6.269045067911975
0.007439956448022755,0.25,0.02975982579209102,0.05158730158730159,0.14422069422321032,0.011904761904761904,0.6249563416339114,0.000684476751747127,10.869553171867805
0.00210396903934873,0.25,0.00841587615739492,0.05158730158730159,0.04078463060891384,0.011904761904761904,0.1767333993052933,0.000684476751747127,3.0738356474173134
-0.004114871545112142,0.25,-0.016459486180448568,0.05158730158730159,-0.0797652022590969,0.011904761904761904,-0.34564920978941993,0.000684476751747127,-6.011703881262486
-0.004476239495736389,0.25,-0.017904957982945557,0.05158730158730159,-0.08677018099427462,0.011904761904761904,-0.3760041176418567,0.000684476751747127,-6.539651616085992
0.013455692648034034,0.25,0.05382277059213614,0.05158730158730159,0.26083342671573667,0.011904761904761904,1.130278182434859,0.000684476751747127,19.65836328799828
0.021623411292771566,0.25,0.08649364517108626,0.05158730158730159,0.4191615112137257,0.011904761904761904,1.8163665485928115,0.000684476751747127,31.59115519640047
-0.024966431103116582,0.25,-0.09986572441246633,0.05158730158730159,-0.4839646644604137,0.011904761904761904,-2.097180212661793,0.000684476751747127,-36.475206848720234
-0.016108678347308114,0.25,-0.06443471338923246,0.05158730158730159,-0.31226053411704957,0.011904761904761904,-1.3531289811738816,0.000684476751747127,-23.534295805066733
-0.009246170087290673,0.25,-0.03698468034916269,0.05158730158730159,-0.17923345092286533,0.011904761904761904,-0.7766782873324165,0.000684476751747127,-13.508377112429054
0.021282442803251422,0.25,0.08512977121300569,0.05158730158730159,0.41255196818610446,0.011904761904761904,1.7877251954731195,0.000684476751747127,31.09301046226623
0.0015999905661803204,0.25,0.006399962264721282,0.05158730158730159,0.031015201744418516,0.011904761904761904,0.13439920755914692,0.000684476751747127,2.3375382174724626
0.005789882114044298,0.25,0.023159528456177192,0.05158730158730159,0.11223463790301254,0.011904761904761904,0.48635009757972103,0.000684476751747127,8.458844072155298
-0.001914900123626384,0.25,-0.007659600494505536,0.05158730158730159,-0.0371196023964499,0.011904761904761904,-0.16085161038461626,0.000684476751747127,-2.797611633614438
0.003101501609977797,0.25,0.012406006439911188,0.05158730158730159,0.06012141582418498,0.011904761904761904,0.26052613523813495,0.000684476751747127,4.531200807129262
0.0031697359744462528,0.25,0.012678943897785011,0.05158730158730159,0.061444112735419665,0.011904761904761904,0.26625782185348523,0.000684476751747127,4.6308891665867415
0.014443864207702939,0.25,0.057775456830811756,0.05158730158730159,0.2799887523339339,0.011904761904761904,1.2132845934470469,0.000684476751747127,21.102052291527762
-0.002844094669117614,0.25,-0.011376378676470456,0.05158730158730159,-0.055131681278279894,0.011904761904761904,-0.23890395220587957,0.000684476751747127,-4.15513698874076
-0.0011031345468413,0.25,-0.0044125381873652,0.05158730158730159,-0.021383838908000583,0.011904761904761904,-0.0926633019346692,0.000684476751747127,-1.6116464788987341
0.019963993730153895,0.25,0.07985597492061558,0.05158730158730159,0.38699433999990623,0.011904761904761904,1.6769754733329272,0.000684476751747127,29.166795919942935
-0.0074083272861255045,0.25,-0.029633309144502018,0.05158730158730159,-0.14360757508489438,0.011904761904761904,-0.6222994920345424,0.000684476751747127,-10.823343915210778
0.05963348252835976,0.25,0.23853393011343904,0.05158730158730159,1.1559721228574353,0.011904761904761904,5.00921253238222,0.000684476751747127,87.12272896945775
0.00966947571929544,0.25,0.03867790287718176,0.05158730158730159,0.18743906778941927,0.011904761904761904,0.8122359604208169,0.000684476751747127,14.126813941619057
0.007199759173859288,0.25,0.028799036695437152,0.05158730158730159,0.13956456244711848,0.011904761904761904,0.6047797706041802,0.000684476751747127,10.518632160233203
-0.0006089952483701033,0.25,-0.0024359809934804133,0.05158730158730159,-0.01180513866071277,0.011904761904761904,-0.05115560086308868,0.000684476751747127,-0.8897237880112698
-0.016117065517528006,0.25,-0.06446826207011203,0.05158730158730159,-0.3124231161859275,0.011904761904761904,-1.3538335034723525,0.000684476751747127,-23.54654920914289
-0.035413007150329245,0.25,-0.14165202860131698,0.05158730158730159,-0.6864675232217669,0.011904761904761904,-2.9746926006276566,0.000684476751747127,-51.73734105641651
0.0006278041214911045,0.25,0.002511216485964418,0.05158730158730159,0.01216974143198141,0.011904761904761904,0.05273554620525278,0.000684476751747127,0.917202987374859
0.007683146902002669,0.25,0.030732587608010675,0.05158730158730159,0.14893484763882095,0.011904761904761904,0.6453843397682242,0.000684476751747127,11.224847129418839
-0.0033990528697719347,0.25,-0.013596211479087739,0.05158730158730159,-0.06588933255250211,0.011904761904761904,-0.2855204410608425,0.000684476751747127,-4.965914271150703
-0.0009599006279255029,0.25,-0.0038396025117020116,0.05158730158730159,-0.01860730447978667,0.011904761904761904,-0.08063165274574224,0.000684476751747127,-1.402386020380322
0.00787104472507516,0.25,0.03148417890030064,0.05158730158730159,0.1525771746706877,0.011904761904761904,0.6611677569063135,0.000684476751747127,11.499360211993057
0.004955401251027558,0.25,0.019821605004110232,0.05158730158730159,0.09605854732761111,0.011904761904761904,0.4162537050863149,0.000684476751747127,7.239692565713731
-0.011315658858555344,0.25,-0.04526263543422138,0.05158730158730159,-0.21934969479661126,0.011904761904761904,-0.9505153441186489,0.000684476751747127,-16.5318381225836
-0.0031139124518867467,0.25,-0.012455649807546987,0.05158730158730159,-0.06036199522118924,0.011904761904761904,-0.2615686459584867,0.000684476751747127,-4.54933267483298
-0.0026765708082351347,0.25,-0.010706283232940539,0.05158730158730159,-0.051884295667327225,0.011904761904761904,-0.22483194789175132,0.000684476751747127,-3.9103896537072846
0.011317534905462168,0.25,0.04527013962184867,0.05158730158730159,0.21938606124434354,0.011904761904761904,0.9506729320588221,0.000684476751747127,16.534578970833063
-0.002806180876326003,0.25,-0.011224723505304013,0.05158730158730159,-0.05439673698724252,0.011904761904761904,-0.23571919361138427,0.000684476751747127,-4.099746074886001
-0.05855526548190271,0.25,-0.23422106192761083,0.05158730158730159,-1.1350713001107293,0.011904761904761904,-4.918642300479828,0.000684476751747127,-85.54748621109539
-0.02645403202176788,0.25,-0.10581612808707153,0.05158730158730159,-0.5128012361142696,0.011904761904761904,-2.222138689828502,0.000684476751747127,-38.64854716284222
0.0032062961258090272,0.25,0.012825184503236109,0.05158730158730159,0.06215281720799037,0.011904761904761904,0.2693288745679583,0.000684476751747127,4.684302450923214
0.006281144786333348,0.25,0.025124579145333392,0.05158730158730159,0.12175757585815412,0.011904761904761904,0.5276161620520012,0.000684476751747127,9.17656409848943
-0.022700551531324664,0.25,-0.09080220612529866,0.05158730158730159,-0.4400414604533704,0.011904761904761904,-1.9068463286312718,0.000684476751747127,-33.16482477071939
-0.058547092660402145,0.25,-0.23418837064160858,0.05158730158730159,-1.1349128731093339,0.011904761904761904,-4.91795578347378,0.000684476751747127,-85.53554596406772
0.02197867239416884,0.25,0.08791468957667536,0.05158730158730159,0.4260481110254267,0.011904761904761904,1.8462084811101827,0.000684476751747127,32.11018100770885
-0.015001170216163429,0.25,-0.060004680864653714,0.05158730158730159,-0.29079191495947565,0.011904761904761904,-1.260098298157728,0.000684476751747127,-21.916259650708284
0.008120276883052613,0.25,0.03248110753221045,0.05158730158730159,0.15740844419455832,0.011904761904761904,0.6821032581764195,0.000684476751747127,11.863480917833375
0.03392669589076869,0.25,0.13570678356307475,0.05158730158730159,0.6576559511133622,0.011904761904761904,2.8498424548245698,0.000684476751747127,49.56588489553633
0.0008493940145926082,0.25,0.003397576058370433,0.05158730158730159,0.016465176282872095,0.011904761904761904,0.07134909722577909,0.000684476751747127,1.2409391734993627
0.022753207979893553,0.25,0.09101283191957421,0.05158730158730159,0.4410621854563981,0.011904761904761904,1.9112694703110584,0.000684476751747127,33.24175426238508
-0.03530727540810241,0.25,-0.14122910163240965,0.05158730158730159,-0.6844179540647544,0.011904761904761904,-2.9658111342806026,0.000684476751747127,-51.58287015297538
-0.004368360273788285,0.25,-0.01747344109515314,0.05158730158730159,-0.08467898376881906,0.011904761904761904,-0.366942262998216,0.000684476751747127,-6.382043309196471
-0.01769822770591556,0.25,-0.07079291082366224,0.05158730158730159,-0.34307333706851695,0.011904761904761904,-1.486651127296907,0.000684476751747127,-25.856579731511452
0.015165225774185664,0.25,0.06066090309674266,0.05158730158730159,0.2939720688534452,0.011904761904761904,1.2738789650315958,0.000684476751747127,22.155939899312028
-0.016180094423149494,0.25,-0.06472037769259797,0.05158730158730159,-0.3136449072795132,0.011904761904761904,-1.3591279315445575,0.000684476751747127,-23.638632549388713
0.013455948897060699,0.25,0.053823795588242795,0.05158730158730159,0.2608383940045612,0.011904761904761904,1.1302997073530987,0.000684476751747127,19.65873766013877
0.001724937156275086,0.25,0.006899748625100344,0.05158730158730159,0.03343724333702474,0.011904761904761904,0.14489472112710722,0.000684476751747127,2.520081437203212
-0.015970094940897517,0.25,-0.06388037976359007,0.05158730158730159,-0.3095741480850903,0.011904761904761904,-1.3414879750353914,0.000684476751747127,-23.331829605803044
-0.01244653935421447,0.25,-0.04978615741685788,0.05158730158730159,-0.24127137825092662,0.011904761904761904,-1.0455093057540155,0.000684476751747127,-18.18402060032671
-0.0056423085236125825,0.25,-0.02256923409445033,0.05158730158730159,-0.10937398061156697,0.011904761904761904,-0.47395391598345693,0.000684476751747127,-8.243243483742274
-0.0004353856675519685,0.25,-0.001741542670207874,0.05158730158730159,-0.008439783709468927,0.011904761904761904,-0.036572396074365354,0.000684476751747127,-0.6360853987233994
0.020890597701121116,0.25,0.08356239080448447,0.05158730158730159,0.4049562015909631,0.011904761904761904,1.7548102068941738,0.000684476751747127,30.520536523406914
-0.002901686845897311,0.25,-0.011606747383589244,0.05158730158730159,-0.056248083474317104,0.011904761904761904,-0.24374169505537413,0.000684476751747127,-4.239277431250595
0.008819365874645602,0.25,0.035277463498582406,0.05158730158730159,0.17096001541620703,0.011904761904761904,0.7408267334702305,0.000684476751747127,12.884828961880984
-0.020751157086698946,0.25,-0.08300462834679578,0.05158730158730159,-0.40225319891139494,0.011904761904761904,-1.7430971952827115,0.000684476751747127,-30.316817968954556
0.033920853727810174,0.25,0.1356834149112407,0.05158730158730159,0.6575427030313972,0.011904761904761904,2.8493517131360546,0.000684476751747127,49.55734967071883
-0.007135994334389051,0.25,-0.028543977337556203,0.05158730158730159,-0.1383285055589262,0.011904761904761904,-0.5994235240886803,0.000684476751747127,-10.42547364271237
-0.007794293732134028,0.25,-0.03117717492853611,0.05158730158730159,-0.15108938619213652,0.011904761904761904,-0.6547206734992583,0.000684476751747127,-11.38722931383585
0.0022771388534699177,0.25,0.009108555413879671,0.05158730158730159,0.0441414608518784,0.011904761904761904,0.1912796636914731,0.000684476751747127,3.3268315507539454
-0.005232740559306115,0.25,-0.02093096223722446,0.05158730158730159,-0.10143466314962622,0.011904761904761904,-0.43955020698171365,0.000684476751747127,-7.6448769749294545
0.035079363451633094,0.25,0.14031745380653238,0.05158730158730159,0.6799999684470415,0.011904761904761904,2.94666652993718,0.000684476751747127,51.2498976219324
0.00047871772689811465,0.25,0.0019148709075924586,0.05158730158730159,0.009279759013717298,0.011904761904761904,0.04021228905944163,0.000684476751747127,0.6993922374663385
0.006530809409415861,0.25,0.026123237637663443,0.05158730158730159,0.1265972285517536,0.011904761904761904,0.5485879903909323,0.000684476751747127,9.54131662287429
-0.0023894484269438854,0.25,-0.009557793707775541,0.05158730158730159,-0.046318538737681464,0.011904761904761904,-0.20071366786328637,0.000684476751747127,-3.490912468312208
-0.00640620562695815,0.25,-0.0256248225078326,0.05158730158730159,-0.1241818321533426,0.011904761904761904,-0.5381212726644846,0.000684476751747127,-9.359274234817049
-0.0002699999852671109,0.25,-0.0010799999410684435,0.05158730158730159,-0.005233845868254764,0.011904761904761904,-0.022679998762437314,0.000684476751747127,-0.394461878475691
0.025415706344968036,0.25,0.10166282537987215,0.05158730158730159,0.4926736922255342,0.011904761904761904,2.134919332977315,0.000684476751747127,37.13158449880795
-0.010258163555903144,0.25,-0.041032654223612575,0.05158730158730159,-0.19885055508366092,0.011904761904761904,-0.8616857386958641,0.000684476751747127,-14.986869210267814
0.0014149158605005763,0.25,0.005659663442002305,0.05158730158730159,0.027427599757395785,0.011904761904761904,0.1188529322820484,0.000684476751747127,2.067149624715527
0.00035006205645538024,0.25,0.001400248225821521,0.05158730158730159,0.006785818325135063,0.011904761904761904,0.02940521274225194,0.000684476751747127,0.5114301626196168
-0.0047497028145759845,0.25,-0.018998811258303938,0.05158730158730159,-0.09207116225178062,0.011904761904761904,-0.3989750364243827,0.000684476751747127,-6.939173321011076
-0.0016326428616161293,0.25,-0.006530571446464517,0.05158730158730159,-0.031648153932866505,0.011904761904761904,-0.13714200037575486,0.000684476751747127,-2.385242241535316
0.018117505424425806,0.25,0.07247002169770322,0.05158730158730159,0.35120087438117714,0.011904761904761904,1.5218704556517677,0.000684476751747127,26.46913189992337
-0.005541465974982618,0.25,-0.02216586389993047,0.05158730158730159,-0.10741918659197074,0.011904761904761904,-0.4654831418985399,0.000684476751747127,-8.095915545470355
0.011722459882180125,0.25,0.0468898395287205,0.05158730158730159,0.2272353761776455,0.011904761904761904,0.9846866301031305,0.000684476751747127,17.126162214068696
0.007604697256101245,0.25,0.03041878902440498,0.05158730158730159,0.14741413142596257,0.011904761904761904,0.6387945695125046,0.000684476751747127,11.110234550246235
-0.031005771129534176,0.25,-0.1240230845181367,0.05158730158730159,-0.6010349480494317,0.011904761904761904,-2.604484774880871,0.000684476751747127,-45.29850144711554
-0.012395383436689555,0.25,-0.04958153374675822,0.05158730158730159,-0.24027974046505907,0.011904761904761904,-1.0412122086819227,0.000684476751747127,-18.10928333950034
0.005524041180671846,0.25,0.022096164722687384,0.05158730158730159,0.10708141365610038,0.011904761904761904,0.46401945917643506,0.000684476751747127,8.070458443726146
-0.014606662270062465,0.25,-0.05842664908024986,0.05158730158730159,-0.2831445301581339,0.011904761904761904,-1.226959630685247,0.000684476751747127,-21.339895376693157
0.015620164224836808,0.25,0.06248065689934723,0.05158730158730159,0.3027908757429904,0.011904761904761904,1.3120937948862919,0.000684476751747127,22.82059132755983
-0.0015218717895241207,0.25,-0.006087487158096483,0.05158730158730159,-0.029500899304621415,0.011904761904761904,-0.12783723032002614,0.000684476751747127,-2.2234090283410546
-0.001099549921794507,0.25,-0.004398199687178028,0.05158730158730159,-0.02131435233017044,0.011904761904761904,-0.09236219343073859,0.000684476751747127,-1.606409449244121
-0.007521461649777295,0.25,-0.03008584659910918,0.05158730158730159,-0.14580064121106753,0.011904761904761904,-0.6318027785812927,0.000684476751747127,-10.988629826475133
0.005325064604645213,0.25,0.021300258418580853,0.05158730158730159,0.10322432925927644,0.011904761904761904,0.4473054267901979,0.000684476751747127,7.779759635448516
-0.0044479173814269135,0.25,-0.017791669525707654,0.05158730158730159,-0.08622116770150631,0.011904761904761904,-0.37362506003986073,0.000684476751747127,-6.498273856743277
-0.004435900904465662,0.25,-0.017743603617862647,0.05158730158730159,-0.08598823291733436,0.011904761904761904,-0.3726156759751156,0.000684476751747127,-6.480718144397198
0.0024090543038477463,0.25,0.009636217215390985,0.05158730158730159,0.04669859112074092,0.011904761904761904,0.2023605615232107,0.000684476751747127,3.519556066292442
0.04250671423455232,0.25,0.1700268569382093,0.05158730158730159,0.8239763067005527,0.011904761904761904,3.570563995702395,0.000684476751747127,62.1010342952539
-0.0006752977275343852,0.25,-0.002701190910137541,0.05158730158730159,-0.01309038671835885,0.011904761904761904,-0.05672500911288836,0.000684476751747127,-0.9865897209959107
0.017646772530053756,0.25,0.07058709012021502,0.05158730158730159,0.34207589827488816,0.011904761904761904,1.4823288925245155,0.000684476751747127,25.781405263232635
-0.008025984874924563,0.25,-0.03210393949969825,0.05158730158730159,-0.15558062988315305,0.011904761904761904,-0.6741827294936633,0.000684476751747127,-11.725723122718538
0.012207885887779879,0.25,0.048831543551119516,0.05158730158730159,0.23664517259388687,0.011904761904761904,1.0254624145735098,0.000684476751747127,17.83535504546977
-0.018965735266174732,0.25,-0.07586294106469893,0.05158730158730159,-0.3676434836212332,0.011904761904761904,-1.5931217623586775,0.000684476751747127,-27.708370251823297
-0.017919735468932885,0.25,-0.07167894187573154,0.05158730158730159,-0.34736717985931437,0.011904761904761904,-1.5052577793903623,0.000684476751747127,-26.180195928046874
-0.013993888866713267,0.25,-0.055975555466853066,0.05158730158730159,-0.2712661534162879,0.011904761904761904,-1.1754866648039144,0.000684476751747127,-20.44465181760208
0.0043479466750557805,0.25,0.017391786700223122,0.05158730158730159,0.08428327400877358,0.011904761904761904,0.36522752070468556,0.000684476751747127,6.352219653856244
0.013513521829464192,0.25,0.05405408731785677,0.05158730158730159,0.2619544231557674,0.011904761904761904,1.1351358336749922,0.000684476751747127,19.7428499871923
-0.01486911539950575,0.25,-0.059476461598023,0.05158730158730159,-0.28823208312888066,0.011904761904761904,-1.249005693558483,0.000684476751747127,-21.723331525215915
-0.05095126255262483,0.25,-0.20380505021049933,0.05158730158730159,-0.9876706279431889,0.011904761904761904,-4.279906054420486,0.000684476751747127,-74.4382660515083
-0.007381652739798628,0.25,-0.02952661095919451,0.05158730158730159,-0.14309049926378878,0.011904761904761904,-0.6200588301430847,0.000684476751747127,-10.7843732032636
0.009644096495268428,0.25,0.03857638598107371,0.05158730158730159,0.18694710129289568,0.011904761904761904,0.810104105602548,0.000684476751747127,14.089735656692314
-0.0063171155046839456,0.25,-0.025268462018735782,0.05158730158730159,-0.12245485439848879,0.011904761904761904,-0.5306377023934514,0.000684476751747127,-9.229116238878104
-0.029916560152337235,0.25,-0.11966624060934894,0.05158730158730159,-0.5799210121837679,0.011904761904761904,-2.5129910527963277,0.000684476751747127,-43.707196885760126
0.005685970980422894,0.25,0.022743883921691577,0.05158730158730159,0.11022036054358225,0.011904761904761904,0.4776215623555231,0.000684476751747127,8.307033023268435
0.017296859740792758,0.25,0.06918743896317103,0.05158730158730159,0.33529297343690573,0.011904761904761904,1.4529362182265917,0.000684476751747127,25.270193175505995
-0.018977517897863838,0.25,-0.07591007159145535,0.05158730158730159,-0.36787188540474514,0.011904761904761904,-1.5941115034205624,0.000684476751747127,-27.72558432324213
0.0272594739127745,0.25,0.109037895651098,0.05158730158730159,0.5284144173860903,0.011904761904761904,2.289795808673058,0.000684476751747127,39.82527360234616
-0.0010115135359110017,0.25,-0.004046054143644007,0.05158730158730159,-0.01960780084996711,0.011904761904761904,-0.08496713701652414,0.000684476751747127,-1.477790930559896
-0.002111962312156157,0.25,-0.008447849248624628,0.05158730158730159,-0.04093957712795012,0.011904761904761904,-0.1774048342211172,0.000684476751747127,-3.0855135791907804
0.0036836236863151406,0.25,0.014734494745260562,0.05158730158730159,0.0714056283808781,0.011904761904761904,0.3094243896504718,0.000684476751747127,5.3816636969958305
-0.005905515338667677,0.25,-0.02362206135467071,0.05158730158730159,-0.11447614348801959,0.011904761904761904,-0.4960632884480849,0.000684476751747127,-8.627780744333316
0.0335158392037489,0.25,0.1340633568149956,0.05158730158730159,0.6496916522572863,0.011904761904761904,2.8153304931149075,0.000684476751747127,48.96563560150103
0.007553545075413393,0.25,0.03021418030165357,0.05158730158730159,0.14642256607724422,0.011904761904761904,0.634497786334725,0.000684476751747127,11.035502748826703
0.005153722085841528,0.25,0.02061488834336611,0.05158730158730159,0.09990292043323576,0.011904761904761904,0.43291265521068834,0.000684476751747127,7.529433355751896
0.0037997348632581307,0.25,0.015198939453032523,0.05158730158730159,0.07365639888777299,0.011904761904761904,0.319177728513683,0.000684476751747127,5.551298643174231
-0.0026322063482568936,0.25,-0.010528825393027574,0.05158730158730159,-0.051024307673902855,0.011904761904761904,-0.22110533325357906,0.000684476751747127,-3.8455745086128736
-0.0015918118144856441,0.25,-0.0063672472579425765,0.05158730158730159,-0.030856659788490944,0.011904761904761904,-0.1337121924167941,0.000684476751747127,-2.3255893066090914
-0.010114726294944143,0.25,-0.04045890517977657,0.05158730158730159,-0.19607007894814799,0.011904761904761904,-0.849637008775308,0.000684476751747127,-14.777311675124544
0.016978308843658363,0.25,0.06791323537463345,0.05158730158730159,0.32911798681553134,0.011904761904761904,1.4261779428673025,0.000684476751747127,24.804799871319556
0.003094216447955933,0.25,0.012376865791823732,0.05158730158730159,0.059980195760376546,0.011904761904761904,0.2599141816282984,0.000684476751747127,4.520557403970179
-0.0036247918513537813,0.25,-0.014499167405415125,0.05158730158730159,-0.07026519588778099,0.011904761904761904,-0.30448251551371763,0.000684476751747127,-5.295712151072333
0.013429447295934649,0.25,0.053717789183738596,0.05158730158730159,0.26032467065965625,0.011904761904761904,1.1280735728585105,0.000684476751747127,19.620019615941644
-0.009214992789889576,0.25,-0.0368599711595583,0.05158730158730159,-0.1786290910040133,0.011904761904761904,-0.7740593943507244,0.000684476751747127,-13.462828016244973
-0.02500293428003464,0.25,-0.10001173712013856,0.05158730158730159,-0.48467226450528683,0.011904761904761904,-2.1002464795229097,0.000684476751747127,-36.52853689510221
-0.002572847450692084,0.25,-0.010291389802768336,0.05158730158730159,-0.04987365827495424,0.011904761904761904,-0.21611918585813505,0.000684476751747127,-3.7588529400376136
0.0022170106762644526,0.25,0.00886804270505781,0.05158730158730159,0.04297589926297246,0.011904761904761904,0.18622889680621402,0.000684476751747127,3.2389860877020773
-0.001948269910230338,0.25,-0.007793079640921352,0.05158730158730159,-0.03776646287523424,0.011904761904761904,-0.1636546724593484,0.000684476751747127,-2.846363890749217
-0.0013090062980536388,0.25,-0.005236025192214555,0.05158730158730159,-0.025374583623808997,0.011904761904761904,-0.10995652903650566,0.000684476751747127,-1.9124189312674245
-0.01755250329555824,0.25,-0.07021001318223297,0.05158730158730159,-0.3402485254215905,0.011904761904761904,-1.4744102768268923,0.000684476751747127,-25.643680739711723
0.006690679282929102,0.25,0.026762717131716407,0.05158730158730159,0.1296962445613949,0.011904761904761904,0.5620170597660445,0.000684476751747127,9.77488171198093
-0.011729126069688567,0.25,-0.04691650427875427,0.05158730158730159,-0.22736459765857836,0.011904761904761904,-0.9852465898538396,0.000684476751747127,-17.135901314032903
0.006952469361079183,0.25,0.027809877444316733,0.05158730158730159,0.1347709445378426,0.011904761904761904,0.5840074263306514,0.000684476751747127,10.157349162455853
-0.012254706016946115,0.25,-0.04901882406778446,0.05158730158730159,-0.23755276279003237,0.011904761904761904,-1.0293953054234737,0.000684476751747127,-17.903757849577765
0.01010357384219751,0.25,0.04041429536879004,0.05158730158730159,0.19585389294105943,0.011904761904761904,0.8487002027445909,0.000684476751747127,14.761018276235296
-0.009003927378921528,0.25,-0.03601570951568611,0.05158730158730159,-0.1745376691914019,0.011904761904761904,-0.7563298998294083,0.000684476751747127,-13.154467782782984
0.00893124020110192,0.25,0.03572496080440768,0.05158730158730159,0.17312865620597567,0.011904761904761904,0.7502241768925613,0.000684476751747127,13.048273996603871
0.010803002456857058,0.25,0.04321200982742823,0.05158730158730159,0.2094120476252291,0.011904761904761904,0.9074522063759929,0.000684476751747127,15.782862499394456
-0.002121025158407508,0.25,-0.008484100633630032,0.05158730158730159,-0.04111525691682246,0.011904761904761904,-0.17816611330623067,0.000684476751747127,-3.098754125678617
0.0026569571253518554,0.25,0.010627828501407421,0.05158730158730159,0.05150409196835904,0.011904761904761904,0.22318439852955585,0.000684476751747127,3.8817346514252997
-0.0477574842277213,0.25,-0.1910299369108852,0.05158730158730159,-0.9257604634912129,0.011904761904761904,-4.0116286751285894,0.000684476751747127,-69.77225173217398
0.0059493014727416416,0.25,0.023797205890966566,0.05158730158730159,0.11532492085622258,0.011904761904761904,0.4997413237102979,0.000684476751747127,8.691750972631356
0.003048171206343264,0.25,0.012192684825373057,0.05158730158730159,0.05908762646142327,0.011904761904761904,0.2560463813328342,0.000684476751747127,4.453286687331318
-0.005293247270528267,0.25,-0.02117298908211307,0.05158730158730159,-0.10260756247485564,0.011904761904761904,-0.44463277072437446,0.000684476751747127,-7.7332754648236826
0.009254707615650615,0.25,0.03701883046260246,0.05158730158730159,0.17939894762645806,0.011904761904761904,0.7773954397146516,0.000684476751747127,13.520850185237078
-0.006081374153439123,0.25,-0.024325496613756492,0.05158730158730159,-0.11788509897435838,0.011904761904761904,-0.5108354288888863,0.000684476751747127,-8.884705196949955
0.004631835897797032,0.25,0.018527343591188128,0.05158730158730159,0.08978635740345015,0.011904761904761904,0.3890742154149507,0.000684476751747127,6.766973291604529
0.000704067286070087,0.25,0.002816269144280348,0.05158730158730159,0.013648073545358607,0.011904761904761904,0.059141652029887304,0.000684476751747127,1.0286211829298149
0.0046516793673154755,0.25,0.018606717469261902,0.05158730158730159,0.09017101542796152,0.011904761904761904,0.39074106685449994,0.000684476751747127,6.79596400526689
-0.004188191496036664,0.25,-0.016752765984146656,0.05158730158730159,-0.08118648130778763,0.011904761904761904,-0.3518080856670798,0.000684476751747127,-6.118822129964685
-0.018393515875807953,0.25,-0.07357406350323181,0.05158730158730159,-0.35655123082335416,0.011904761904761904,-1.545055333567868,0.000684476751747127,-26.872374889079143
0.03135199342487338,0.25,0.12540797369949352,0.05158730158730159,0.6077463340821608,0.011904761904761904,2.633567447689364,0.000684476751747127,45.80432183393726
-0.008298609324543738,0.25,-0.03319443729817495,0.05158730158730159,-0.16086534998346322,0.011904761904761904,-0.697083183261674,0.000684476751747127,-12.124019264878664
0.0034104610161633797,0.25,0.013641844064653519,0.05158730158730159,0.06611047508255166,0.011904761904761904,0.2864787253577239,0.000684476751747127,4.982581230784213
-0.0028126319830267255,0.25,-0.011250527932106902,0.05158730158730159,-0.05452178920944113,0.011904761904761904,-0.23626108657424494,0.000684476751747127,-4.1091709482425545
-0.011808923363293089,0.25,-0.047235693453172356,0.05158730158730159,-0.22891143750383525,0.011904761904761904,-0.9919495625166195,0.000684476751747127,-17.252482766070305
-0.010963047193155995,0.25,-0.04385218877262398,0.05158730158730159,-0.21251445328271618,0.011904761904761904,-0.9208959642251036,0.000684476751747127,-16.016683057785112
0.002040942444625049,0.25,0.008163769778500196,0.05158730158730159,0.03956288431119326,0.011904761904761904,0.17143916534850412,0.000684476751747127,2.9817556833238577
0.008692108906986684,0.25,0.03476843562794674,0.05158730158730159,0.1684931880431265,0.011904761904761904,0.7301371481868815,0.000684476751747127,12.698910349840336
-0.0028345534849697485,0.25,-0.011338213939878994,0.05158730158730159,-0.05494672909325973,0.011904761904761904,-0.23810249273745887,0.000684476751747127,-4.141197604936253
0.029223028358142278,0.25,0.11689211343256911,0.05158730158730159,0.5664771650962964,0.011904761904761904,2.4547343820839513,0.000684476751747127,42.693967740395124
0.0164574899729637,0.25,0.0658299598918548,0.05158730158730159,0.3190221133220656,0.011904761904761904,1.382429157728951,0.000684476751747127,24.043899125800777
-0.008596747931480686,0.25,-0.034386991725922744,0.05158730158730159,-0.16664465221024097,0.011904761904761904,-0.7221268262443776,0.000684476751747127,-12.559590825455338
-9.988191197018992e-06,0.25,-3.995276478807597e-05,0.05158730158730159,-0.0001936172447422143,0.011904761904761904,-0.0008390080605495953,0.000684476751747127,-0.014592447693108836
-0.01969431119730458,0.25,-0.07877724478921833,0.05158730158730159,-0.3817666478246734,0.011904761904761904,-1.6543221405735848,0.000684476751747127,-28.772797829926073
-0.000861836521937942,0.25,-0.003447346087751768,0.05158730158730159,-0.016706369502181646,0.011904761904761904,-0.07239426784278713,0.000684476751747127,-1.259117303455675
0.0008999716535873503,0.25,0.0035998866143494013,0.05158730158730159,0.017445604361847097,0.011904761904761904,0.07559761890133743,0.000684476751747127,1.314831586741511
0.028177787482234207,0.25,0.11271114992893683,0.05158730158730159,0.54621557273254,0.011904761904761904,2.3669341485076734,0.000684476751747127,41.16690217791971
0.018159329154648463,0.25,0.07263731661859385,0.05158730158730159,0.35201161130549324,0.011904761904761904,1.5253836489904709,0.000684476751747127,26.530235115066763
0.002129385046796939,0.25,0.008517540187187755,0.05158730158730159,0.04127731013790989,0.011904761904761904,0.17886834393094286,0.000684476751747127,3.1109676718189236
0.001739936226552441,0.25,0.006959744906209764,0.05158730158730159,0.033727994545478084,0.011904761904761904,0.14615464303040504,0.000684476751747127,2.5419946289063193
0.01175514713324044,0.25,0.04702058853296176,0.05158730158730159,0.22786900596743004,0.011904761904761904,0.987432359192197,0.000684476751747127,17.173917307250285
-0.0062352738437913,0.25,-0.0249410953751652,0.05158730158730159,-0.12086838527964673,0.011904761904761904,-0.5237630028784692,0.000684476751747127,-9.109548027563775
0.002790380157742689,0.25,0.011161520630970756,0.05158730158730159,0.05409044613470443,0.011904761904761904,0.23439193325038588,0.000684476751747127,4.076661699057336
-0.0011719444427505943,0.25,-0.004687777771002377,0.05158730158730159,-0.022717692274857672,0.011904761904761904,-0.09844333319104992,0.000684476751747127,-1.7121756725253356
-0.005350574892120874,0.25,-0.021402299568483496,0.05158730158730159,-0.10371883637034308,0.011904761904761904,-0.4494482909381534,0.000684476751747127,-7.817029400141833
-0.00956625752692608,0.25,-0.03826503010770432,0.05158730158730159,-0.185438222829644,0.011904761904761904,-0.8035656322617908,0.000684476751747127,-13.976015259113195
-0.0005564630875645182,0.25,-0.002225852350258073,0.05158730158730159,-0.010786822928173737,0.011904761904761904,-0.04674289935541953,0.000684476751747127,-0.8129758770391342
0.01749804346469519,0.25,0.06999217385878076,0.05158730158730159,0.33919284254639903,0.011904761904761904,1.469835651034396,0.000684476751747127,25.56411656061573
-0.009968160325581232,0.25,-0.03987264130232493,0.05158730158730159,-0.19322895400357465,0.011904761904761904,-0.8373254673488235,0.000684476751747127,-14.563183190864413
0.01611287543311457,0.25,0.06445150173245828,0.05158730158730159,0.31234189301114396,0.011904761904761904,1.353481536381624,0.000684476751747127,23.54042762151739
0.16482490494782343,0.25,0.6592996197912937,0.05158730158730159,3.1950673882193463,0.011904761904761904,13.845292015617169,0.000684476751747127,240.80424138162158
-0.004235636014127131,0.25,-0.016942544056508524,0.05158730158730159,-0.08210617504307977,0.011904761904761904,-0.355793425186679,0.000684476751747127,-6.188137147559314
0.03611898979609385,0.25,0.1444759591843754,0.05158730158730159,0.7001527252781269,0.011904761904761904,3.033995142871883,0.000684476751747127,52.768760522399226
-0.00772898515154441,0.25,-0.03091594060617764,0.05158730158730159,-0.14982340447609163,0.011904761904761904,-0.6492347527297304,0.000684476751747127,-11.291815436851836
0.010886223858113109,0.25,0.043544895432452435,0.05158730158730159,0.2110252624803464,0.011904761904761904,0.9144428040815011,0.000684476751747127,15.904446469987507
-0.008230490586974337,0.25,-0.03292196234789735,0.05158730158730159,-0.15954489445519482,0.011904761904761904,-0.6913612093058443,0.000684476751747127,-12.024499832851896
-0.01804220312235494,0.25,-0.07216881248941975,0.05158730158730159,-0.34974116821795725,0.011904761904761904,-1.5155450622778148,0.000684476751747127,-26.359117495666894
0.013388079123578756,0.25,0.05355231649431502,0.05158730158730159,0.2595227645493728,0.011904761904761904,1.1245986463806155,0.000684476751747127,19.559581957174853
-0.0006096335018381804,0.25,-0.0024385340073527217,0.05158730158730159,-0.011817510958709343,0.011904761904761904,-0.05120921415440716,0.000684476751747127,-0.8906562571805264
0.008103881323351825,0.25,0.0324155252934073,0.05158730158730159,0.15709062257574305,0.011904761904761904,0.6807260311615533,0.000684476751747127,11.839527496977315
0.03992556840782058,0.25,0.1597022736312823,0.05158730158730159,0.7739417875977527,0.011904761904761904,3.3537477462569285,0.000684476751747127,58.33005767677363
-0.034225233179549064,0.25,-0.13690093271819626,0.05158730158730159,-0.6634429816343357,0.011904761904761904,-2.8749195870821214,0.000684476751747127,-50.002038918325795
-0.00019554009871969313,0.25,-0.0007821603948787725,0.05158730158730159,-0.003790469605950974,0.011904761904761904,-0.016425368292454223,0.000684476751747127,-0.28567821802651006
-0.014570812329578686,0.25,-0.058283249318314745,0.05158730158730159,-0.28244959285029453,0.011904761904761904,-1.2239482356846096,0.000684476751747127,-21.28751968914457
-0.0042510342419724845,0.25,-0.017004136967889938,0.05158730158730159,-0.08240466376746662,0.011904761904761904,-0.3570868763256887,0.000684476751747127,-6.21063349649454
-0.0003393855891131725,0.25,-0.00135754235645269,0.05158730158730159,-0.006578859112039959,0.011904761904761904,-0.02850838948550649,0.000684476751747127,-0.49583216412667164
0.004558954503273371,0.25,0.018235818013093485,0.05158730158730159,0.08837357960191458,0.011904761904761904,0.3829521782749632,0.000684476751747127,6.660495760647297
0.006509709394287855,0.25,0.02603883757715142,0.05158730158730159,0.12618821287388762,0.011904761904761904,0.5468155891201798,0.000684476751747127,9.510490133772727
-0.003506990200999427,0.25,-0.014027960803997708,0.05158730158730159,-0.06798165620398888,0.011904761904761904,-0.29458717688395186,0.000684476751747127,-5.123607473954133
0.00044664131411908947,0.25,0.0017865652564763579,0.05158730158730159,0.008657970089077734,0.011904761904761904,0.037517870386003516,0.000684476751747127,0.6525295606885662
0.0021892034017032547,0.25,0.008756813606813019,0.05158730158730159,0.042436865940709244,0.011904761904761904,0.1838930857430734,0.000684476751747127,3.198360493786404
0.0030112793392012005,0.25,0.012045117356804802,0.05158730158730159,0.058372491806054035,0.011904761904761904,0.25294746449290084,0.000684476751747127,4.399388776192778
0.014160200249662802,0.25,0.05664080099865121,0.05158730158730159,0.27449003560884816,0.011904761904761904,1.1894568209716754,0.000684476751747127,20.687627758749862
0.008073344034971841,0.25,0.032293376139887364,0.05158730158730159,0.156498668985608,0.011904761904761904,0.6781608989376346,0.000684476751747127,11.79491343477281
-0.004710555393271254,0.25,-0.018842221573085016,0.05158730158730159,-0.09131230454648892,0.011904761904761904,-0.39568665303478534,0.000684476751747127,-6.881980112907503
0.020436577778109477,0.25,0.08174631111243791,0.05158730158730159,0.39615520000642984,0.011904761904761904,1.716672533361196,0.000684476751747127,29.857227036484602
-0.0010679319784853147,0.25,-0.004271727913941259,0.05158730158730159,-0.020701450659869176,0.011904761904761904,-0.08970628619276644,0.000684476751747127,-1.5602165826076901
0.009619284586911858,0.25,0.03847713834764743,0.05158730158730159,0.18646613199244524,0.011904761904761904,0.8080199053005961,0.000684476751747127,14.053486202940617
-0.011124894839657173,0.25,-0.044499579358628694,0.05158730158730159,-0.21565180766104672,0.011904761904761904,-0.9344911665312026,0.000684476751747127,-16.25313761389394
-0.008635867903846628,0.25,-0.03454347161538651,0.05158730158730159,-0.16740297782841154,0.011904761904761904,-0.7254129039231167,0.000684476751747127,-12.616743931482807
0.01133508666575267,0.25,0.04534034666301068,0.05158730158730159,0.2197262953668979,0.011904761904761904,0.9521472799232242,0.000684476751747127,16.560221566064676
-0.0202927969093889,0.25,-0.0811711876375556,0.05158730158730159,-0.39336806316661554,0.011904761904761904,-1.7045949403886675,0.000684476751747127,-29.647167500709898
0.005118763495561618,0.25,0.02047505398224647,0.05158730158730159,0.09922526160627136,0.011904761904761904,0.4299761336271759,0.000684476751747127,7.478359904110657
0.006125344094590757,0.25,0.024501376378363027,0.05158730158730159,0.11873743937206696,0.011904761904761904,0.5145289039456236,0.000684476751747127,8.948943961874257
-0.014758672686997931,0.25,-0.059034690747991725,0.05158730158730159,-0.28609119362488294,0.011904761904761904,-1.2397285057078262,0.000684476751747127,-21.561978035523367
-0.011794327781290415,0.25,-0.04717731112516166,0.05158730158730159,-0.22862850776039878,0.011904761904761904,-0.9907235336283948,0.000684476751747127,-17.231159058631857
0.00032924174245962945,0.25,0.0013169669698385178,0.05158730158730159,0.006382224546140508,0.011904761904761904,0.027656306366608874,0.000684476751747127,0.4810123084812448
0.004554858608733392,0.25,0.018219434434933568,0.05158730158730159,0.08829418226160113,0.011904761904761904,0.3826081231336049,0.000684476751747127,6.654511781601223
-0.01257466751113201,0.25,-0.05029867004452804,0.05158730158730159,-0.24375509329271278,0.011904761904761904,-1.0562720709350888,0.000684476751747127,-18.37121199373853
0.020045413823783997,0.25,0.08018165529513599,0.05158730158730159,0.38857263719950513,0.011904761904761904,1.6838147611978558,0.000684476751747127,29.285748234133706
-0.01679469161035263,0.25,-0.06717876644141052,0.05158730158730159,-0.3255586373699125,0.011904761904761904,-1.410754095269621,0.000684476751747127,-24.53654060197688
-0.00033619087981429097,0.25,-0.0013447635192571639,0.05158730158730159,-0.006516930901015486,0.011904761904761904,-0.02824003390440044,0.000684476751747127,-0.49116478968228466
0.014941447861127166,0.25,0.059765791444508665,0.05158730158730159,0.2896342200772343,0.011904761904761904,1.255081620334682,0.000684476751747127,21.829007081670955
-0.00906222657434752,0.25,-0.03624890629739008,0.05158730158730159,-0.1756677766719673,0.011904761904761904,-0.7612270322451917,0.000684476751747127,-13.239641158324496
-0.001557755823475393,0.25,-0.006231023293901572,0.05158730158730159,-0.030196497501215308,0.011904761904761904,-0.130851489171933,0.000684476751747127,-2.275834525422845
0.007309377989064503,0.25,0.02923751195625801,0.05158730158730159,0.1416894810187888,0.011904761904761904,0.6139877510814182,0.000684476751747127,10.678781960683565
-0.000398441536354488,0.25,-0.001593766145417952,0.05158730158730159,-0.007723635935486997,0.011904761904761904,-0.03346908905377699,0.000684476751747127,-0.5821111313678162
0.004944191116786678,0.25,0.019776764467146712,0.05158730158730159,0.09584124318694175,0.011904761904761904,0.41531205381008096,0.000684476751747127,7.223314895891833
0.002314167436163972,0.25,0.009256669744655888,0.05158730158730159,0.044859245685640065,0.011904761904761904,0.19439006463777364,0.000684476751747127,3.3809291992124777
-0.0026993014983941466,0.25,-0.010797205993576586,0.05158730158730159,-0.05232492135348653,0.011904761904761904,-0.2267413258651083,0.000684476751747127,-3.943598510108896
-0.0001340184161447988,0.25,-0.0005360736645791953,0.05158730158730159,-0.0025978954514222535,0.011904761904761904,-0.0112575469561631,0.000684476751747127,-0.1957968854350667
-0.00864646932841484,0.25,-0.03458587731365936,0.05158730158730159,-0.16760848236619535,0.011904761904761904,-0.7263034235868466,0.000684476751747127,-12.63223229473423
0.002335513599083683,0.25,0.009342054396334731,0.05158730158730159,0.045273032843776005,0.011904761904761904,0.19618314232302936,0.000684476751747127,3.412115302853288
0.008881457110667235,0.25,0.03552582844266894,0.05158730158730159,0.17216363014524177,0.011904761904761904,0.7460423972960477,0.000684476751747127,12.975542394971509
-0.0014392424261043812,0.25,-0.005756969704417525,0.05158730158730159,-0.027899160875254157,0.011904761904761904,-0.12089636379276802,0.000684476751747127,-2.1026900072657178
-0.007563660510181425,0.25,-0.0302546420407257,0.05158730158730159,-0.1466186498896707,0.011904761904761904,-0.6353474828552397,0.000684476751747127,-11.050281095559756
-0.0034733302423406442,0.25,-0.013893320969362577,0.05158730158730159,-0.06732917085152633,0.011904761904761904,-0.2917597403566141,0.000684476751747127,-5.074431284152411
-0.001345891705588298,0.25,-0.005383566822353192,0.05158730158730159,-0.026089593062173157,0.011904761904761904,-0.11305490326941703,0.000684476751747127,-1.9663074051133356
0.000704386587918604,0.25,0.002817546351674416,0.05158730158730159,0.013654263088883708,0.011904761904761904,0.059168473385162734,0.000684476751747127,1.0290876733514427
0.012994612323756538,0.25,0.05197844929502615,0.05158730158730159,0.2518955619682036,0.011904761904761904,1.0915474351955492,0.000684476751747127,18.98473876663859
-0.0008758428010375852,0.25,-0.0035033712041503406,0.05158730158730159,-0.016977875835497803,0.011904761904761904,-0.07357079528715715,0.000684476751747127,-1.2795800570318807
-0.005634822783186388,0.25,-0.022539291132745554,0.05158730158730159,-0.10922887241253613,0.011904761904761904,-0.4733251137876566,0.000684476751747127,-8.232307041551817
0.0041042580654473415,0.25,0.016417032261789366,0.05158730158730159,0.0795594640379023,0.011904761904761904,0.3447576774975767,0.000684476751747127,5.996197905876603
0.009628521926007272,0.25,0.03851408770402909,0.05158730158730159,0.1866451942579871,0.011904761904761904,0.8087958417846108,0.000684476751747127,14.066981678238843
0.0065244598916001095,0.25,0.026097839566400438,0.05158730158730159,0.1264741455910175,0.011904761904761904,0.5480546308944092,0.000684476751747127,9.532040167831012
-0.004917229634150311,0.25,-0.019668918536601243,0.05158730158730159,-0.09531860521583678,0.011904761904761904,-0.4130472892686261,0.000684476751747127,-7.183924978604579
0.0006550626691639305,0.25,0.002620250676655722,0.05158730158730159,0.012698137894562344,0.011904761904761904,0.055025264209770164,0.000684476751747127,0.9570269077684275
-0.004221316468531411,0.25,-0.016885265874125643,0.05158730158730159,-0.08182859615922426,0.011904761904761904,-0.3545905833566385,0.000684476751747127,-6.167216721030335
-0.005162717637750336,0.25,-0.020650870551001344,0.05158730158730159,-0.10007729574716034,0.011904761904761904,-0.4336682815710282,0.000684476751747127,-7.542575587224108
0.0012587089619169323,0.25,0.005034835847667729,0.05158730158730159,0.024399589107928225,0.011904761904761904,0.10573155280102231,0.000684476751747127,1.8389360320917805
0.004378938791022913,0.25,0.01751575516409165,0.05158730158730159,0.08488404425675183,0.011904761904761904,0.36783085844592467,0.000684476751747127,6.397498205520744
-0.028925742159198076,0.25,-0.1157029686367923,0.05158730158730159,-0.5607143864706088,0.011904761904761904,-2.4297623413726384,0.000684476751747127,-42.25964152232361
-0.012284979103499127,0.25,-0.04913991641399651,0.05158730158730159,-0.23813959492936768,0.011904761904761904,-1.0319382446939267,0.000684476751747127,-17.94798592083912
0.0006333979320019001,0.25,0.0025335917280076004,0.05158730158730159,0.0122781752972676,0.011904761904761904,0.05320542628815961,0.000684476751747127,0.9253753767168159
0.0006765101468892976,0.25,0.0027060405875571902,0.05158730158730159,0.01311388900123869,0.011904761904761904,0.056826852338700995,0.000684476751747127,0.988361029300857
0.001186522693075176,0.25,0.004746090772300704,0.05158730158730159,0.023000286050380334,0.011904761904761904,0.09966790621831478,0.000684476751747127,1.7334740589020399
-0.0016054025423728469,0.25,-0.006421610169491387,0.05158730158730159,-0.031120110821381337,0.011904761904761904,-0.13485381355931914,0.000684476751747127,-2.345444952330458
-0.0002607469937171425,0.25,-0.00104298797486857,0.05158730158730159,-0.005054480185901531,0.011904761904761904,-0.02190274747223997,0.000684476751747127,-0.3809435354109337
0.003496658888206383,0.25,0.013986635552825533,0.05158730158730159,0.06778138767907757,0.011904761904761904,0.2937193466093362,0.000684476751747127,5.108513735902879
0.0017598531516767046,0.25,0.0070394126067068186,0.05158730158730159,0.034114076478656115,0.011904761904761904,0.1478276647408432,0.000684476751747127,2.571092659005115
0.001732413364980312,0.25,0.006929653459921248,0.05158730158730159,0.03358216676731066,0.011904761904761904,0.1455227226583462,0.000684476751747127,2.5310039538352864
-0.005992327196926439,0.25,-0.023969308787705756,0.05158730158730159,-0.11615895797118943,0.011904761904761904,-0.5033554845418209,0.000684476751747127,-8.75461026489362
-0.0022365812744252755,0.25,-0.008946325097701102,0.05158730158730159,-0.04335526778116688,0.011904761904761904,-0.18787282705172315,0.000684476751747127,-3.2675781444970946
0.005612189291790637,0.25,0.022448757167162547,0.05158730158730159,0.10879013088701849,0.011904761904761904,0.4714239005104135,0.000684476751747127,8.199240189627366
-0.0077720433107247855,0.25,-0.031088173242899142,0.05158730158730159,-0.15065807033097275,0.011904761904761904,-0.652851638100882,0.000684476751747127,-11.354722115669588
-0.028970652272164776,0.25,-0.1158826090886591,0.05158730158730159,-0.5615849517373479,0.011904761904761904,-2.433534790861841,0.000684476751747127,-42.32525385006457
-0.008993182400685806,0.25,-0.035972729602743225,0.05158730158730159,-0.17432938192098638,0.011904761904761904,-0.7554273216576077,0.000684476751747127,-13.138769691929943
-0.016313670023776594,0.25,-0.06525468009510638,0.05158730158730159,-0.3162342189224386,0.011904761904761904,-1.370348281997234,0.000684476751747127,-23.83378249463689
0.007301337507374495,0.25,0.02920535002949798,0.05158730158730159,0.14153361937372097,0.011904761904761904,0.6133123506194575,0.000684476751747127,10.667035058148915
0.0032110153225144433,0.25,0.012844061290057773,0.05158730158730159,0.0622442970210492,0.011904761904761904,0.26972528709121324,0.000684476751747127,4.691197055733926
0.006603826495216625,0.25,0.0264153059808665,0.05158730158730159,0.12801263667650686,0.011904761904761904,0.5547214255981965,0.000684476751747127,9.647992394716631
0.02589948020063093,0.25,0.10359792080252372,0.05158730158730159,0.5020514623506919,0.011904761904761904,2.175556336852998,0.000684476751747127,37.83836358871577
-0.017407283398470974,0.25,-0.0696291335938839,0.05158730158730159,-0.3374334935703604,0.011904761904761904,-1.4622118054715618,0.000684476751747127,-25.43151882666414
-0.013996633725342988,0.25,-0.055986534901371954,0.05158730158730159,-0.2713193614451102,0.011904761904761904,-1.175717232928811,0.000684476751747127,-20.448661973714344
-0.003740457160494981,0.25,-0.014961828641979924,0.05158730158730159,-0.07250732341882578,0.011904761904761904,-0.3141984014815784,0.000684476751747127,-5.464695697768352
-0.007766254633350345,0.25,-0.03106501853340138,0.05158730158730159,-0.1505458590464836,0.011904761904761904,-0.652365389201429,0.000684476751747127,-11.346265031685853
-0.00017582295732809783,0.25,-0.0007032918293123913,0.05158730158730159,-0.0034082604035908194,0.011904761904761904,-0.014769128415560218,0.000684476751747127,-0.25687206596763107
0.01522166947605963,0.25,0.06088667790423852,0.05158730158730159,0.2950662083051559,0.011904761904761904,1.2786202359890089,0.000684476751747127,22.238402454438834
-0.0018198551989980771,0.25,-0.0072794207959923085,0.05158730158730159,-0.03527719308827042,0.011904761904761904,-0.15286783671583848,0.000684476751747127,-2.658753850080221
-0.03588939356283438,0.25,-0.14355757425133753,0.05158730158730159,-0.6957020906026357,0.011904761904761904,-3.014709059278088,0.000684476751747127,-52.433327313494146
0.027194767688926147,0.25,0.10877907075570459,0.05158730158730159,0.5271601121237991,0.011904761904761904,2.2843604858697963,0.000684476751747127,39.73073975049043
0.012955902880302572,0.25,0.05182361152121029,0.05158730158730159,0.251145194295096,0.011904761904761904,1.088295841945416,0.000684476751747127,18.928185431035647
0.003541340875050869,0.25,0.014165363500203476,0.05158730158730159,0.06864753080867837,0.011904761904761904,0.297472633504273,0.000684476751747127,5.173792778223068
0.009072189723634327,0.25,0.03628875889453731,0.05158730158730159,0.17586090848891156,0.011904761904761904,0.7620639367852835,0.000684476751747127,13.254197020538042
-0.0007727851127613539,0.25,-0.0030911404510454155,0.05158730158730159,-0.014980142185835474,0.011904761904761904,-0.06491394947195372,0.000684476751747127,-1.129015866190955
-0.00021015761821363554,0.25,-0.0008406304728545422,0.05158730158730159,-0.004073824599218166,0.011904761904761904,-0.017653239929945386,0.000684476751747127,-0.3070339754815751
-0.0035650142105171367,0.25,-0.014260056842068547,0.05158730158730159,-0.06910642931156295,0.011904761904761904,-0.2994611936834395,0.000684476751747127,-5.208378811139221
0.010201733543453884,0.25,0.040806934173815534,0.05158730158730159,0.19775668099618296,0.011904761904761904,0.8569456176501262,0.000684476751747127,14.904426654979819
0.009149214916821746,0.25,0.036596859667286985,0.05158730158730159,0.17735401223377537,0.011904761904761904,0.7685340530130267,0.000684476751747127,13.366728517029065
-0.013908446707683986,0.25,-0.05563378683073594,0.05158730158730159,-0.26960989002587415,0.011904761904761904,-1.1683095234454548,0.000684476751747127,-20.319823386525073
-0.012974291322747633,0.25,-0.05189716529099053,0.05158730158730159,-0.25150164717941564,0.011904761904761904,-1.0898404711108012,0.000684476751747127,-18.955050393794608
0.007534826217031609,0.25,0.030139304868126437,0.05158730158730159,0.14605970820707426,0.011904761904761904,0.6329254022306552,0.000684476751747127,11.00815505829667
-0.012025173161998914,0.25,-0.04810069264799566,0.05158730158730159,-0.23310335667874818,0.011904761904761904,-1.0101145456079088,0.000684476751747127,-17.568417234485555
-0.01895504137841797,0.25,-0.07582016551367188,0.05158730158730159,-0.36743618672010214,0.011904761904761904,-1.5922234757871094,0.000684476751747127,-27.692746802627298
-0.008940670575806386,0.25,-0.035762682303225546,0.05158730158730159,-0.17331146039255454,0.011904761904761904,-0.7510163283677365,0.000684476751747127,-13.062051491135856
-0.0014967611650151813,0.25,-0.005987044660060725,0.05158730158730159,-0.029014139506448128,0.011904761904761904,-0.12572793786127523,0.000684476751747127,-2.1867231592522294
0.02183042589469042,0.25,0.08732170357876168,0.05158730158730159,0.42317440965092196,0.011904761904761904,1.8337557751539952,0.000684476751747127,31.89359731936586
0.01916220309266392,0.25,0.07664881237065568,0.05158730158730159,0.3714519368731775,0.011904761904761904,1.6096250597837694,0.000684476751747127,27.995403852289208
-0.003723757170513986,0.25,-0.014895028682055944,0.05158730158730159,-0.07218360053611726,0.011904761904761904,-0.3127956023231748,0.000684476751747127,-5.440297513405818
0.007028685100177512,0.25,0.028114740400710048,0.05158730158730159,0.1362483573265179,0.011904761904761904,0.590409548414911,0.000684476751747127,10.26869807080634
-0.00036499667493172794,0.25,-0.0014599866997269118,0.05158730158730159,-0.0070753201602150335,0.011904761904761904,-0.030659720694265147,0.000684476751747127,-0.5332491921750065
0.005799703493913011,0.25,0.023198813975652044,0.05158730158730159,0.11242502157431375,0.011904761904761904,0.4871750934886929,0.000684476751747127,8.473192813502092
0.004964880020228435,0.25,0.01985952008091374,0.05158730158730159,0.09624228962288965,0.011904761904761904,0.41704992169918853,0.000684476751747127,7.253540763153136
-0.021120110644559653,0.25,-0.08448044257823861,0.05158730158730159,-0.4094052217253102,0.011904761904761904,-1.7740892941430109,0.000684476751747127,-30.855848048382313
-0.0027959266027859364,0.25,-0.011183706411143746,0.05158730158730159,-0.054197961838619683,0.011904761904761904,-0.23485783463401866,0.000684476751747127,-4.0847648888721695
0.001659465157277662,0.25,0.006637860629110648,0.05158730158730159,0.032168093817997755,0.011904761904761904,0.1393950732113236,0.000684476751747127,2.4244288108279455
-0.00446159508598043,0.25,-0.01784638034392172,0.05158730158730159,-0.08648630474362064,0.011904761904761904,-0.3747739872223561,0.000684476751747127,-6.5182565727648285
-0.006987871335636053,0.25,-0.027951485342544213,0.05158730158730159,-0.13545719819848348,0.011904761904761904,-0.5869811921934285,0.000684476751747127,-10.209070385224205
0.011432338742741743,0.25,0.04572935497096697,0.05158730158730159,0.2216114894746861,0.011904761904761904,0.9603164543903064,0.000684476751747127,16.702303932983405
-0.002677255044763349,0.25,-0.010709020179053397,0.05158730158730159,-0.05189755932925876,0.011904761904761904,-0.22488942376012133,0.000684476751747127,-3.91138930274791
-0.004528291280044172,0.25,-0.01811316512017669,0.05158730158730159,-0.08777918481316395,0.011904761904761904,-0.38037646752371046,0.000684476751747127,-6.615697711406134
0.0012939518340162603,0.25,0.005175807336065041,0.05158730158730159,0.02508275862862289,0.011904761904761904,0.10869195405736587,0.000684476751747127,1.8904248109427357
-0.0005574936726178148,0.25,-0.002229974690471259,0.05158730158730159,-0.010806800423053025,0.011904761904761904,-0.04682946849989644,0.000684476751747127,-0.8144815308844489
0.003956243588336905,0.25,0.01582497435334762,0.05158730158730159,0.07669026032776154,0.011904761904761904,0.33232446142030003,0.000684476751747127,5.779953195252568
-0.0032197631475864297,0.25,-0.012879052590345719,0.05158730158730159,-0.06241387024552156,0.011904761904761904,-0.2704601043972601,0.000684476751747127,-4.7039773657293455
-0.007137764571921168,0.25,-0.028551058287684672,0.05158730158730159,-0.1383628209326257,0.011904761904761904,-0.5995722240413781,0.000684476751747127,-10.428059906639668
-0.015089354052751025,0.25,-0.0603574162110041,0.05158730158730159,-0.292501324714866,0.011904761904761904,-1.267505740431086,0.000684476751747127,-22.045093590447664
-0.014493171483081713,0.25,-0.05797268593232685,0.05158730158730159,-0.2809445549028147,0.011904761904761904,-1.2174264045788639,0.000684476751747127,-21.17408874163789
-0.01487547802268785,0.25,-0.0595019120907514,0.05158730158730159,-0.2883554201321029,0.011904761904761904,-1.2495401539057793,0.000684476751747127,-21.732627126806264
-0.008063408140505657,0.25,-0.03225363256202263,0.05158730158730159,-0.15630606549287887,0.011904761904761904,-0.6773262838024752,0.000684476751747127,-11.78039739103455
0.017708866446092264,0.25,0.07083546578436906,0.05158730158730159,0.34327956495501927,0.011904761904761904,1.4875447814717502,0.000684476751747127,25.872122611747415
0.006693015704054339,0.25,0.026772062816217357,0.05158730158730159,0.1297415351862841,0.011904761904761904,0.5622133191405645,0.000684476751747127,9.778295153152268
0.0002429702640998066,0.25,0.0009718810563992264,0.05158730158730159,0.004709885119473174,0.011904761904761904,0.020409502184383754,0.000684476751747127,0.3549722667418944
0.0037885186796504655,0.25,0.015154074718601862,0.05158730158730159,0.07343897748245518,0.011904761904761904,0.3182355690906391,0.000684476751747127,5.53491213540894
0.0018059168541961768,0.25,0.007223667416784707,0.05158730158730159,0.035007003635187425,0.011904761904761904,0.15169701575247885,0.000684476751747127,2.638390346474988
-0.0019971161157151807,0.25,-0.007988464462860723,0.05158730158730159,-0.038713327781555805,0.011904761904761904,-0.16775775372007518,0.000684476751747127,-2.9177267315764075
-0.0019745233027184117,0.25,-0.007898093210873647,0.05158730158730159,-0.0382753747911569,0.011904761904761904,-0.16585995742834658,0.000684476751747127,-2.884719309572518
-0.0027739315129161612,0.25,-0.011095726051664645,0.05158730158730159,-0.05377159548114405,0.011904761904761904,-0.23301024708495754,0.000684476751747127,-4.052630722425124
-8.601242488570637e-05,0.25,-0.0003440496995428255,0.05158730158730159,-0.0016673177747075388,0.011904761904761904,-0.007225043690399335,0.000684476751747127,-0.12566157238527043
-0.0007592625175859569,0.25,-0.0030370500703438275,0.05158730158730159,-0.014718011879358547,0.011904761904761904,-0.06377805147722038,0.000684476751747127,-1.1092597603175554
0.01016558789659694,0.25,0.04066235158638776,0.05158730158730159,0.19705601153403296,0.011904761904761904,0.8539093833141429,0.000684476751747127,14.851618949291229
0.017153169898624032,0.25,0.06861267959449613,0.05158730158730159,0.3325076011117889,0.011904761904761904,1.4408662714844187,0.000684476751747127,25.06026662679275
-0.003293088702812197,0.25,-0.013172354811248788,0.05158730158730159,-0.06383525793143642,0.011904761904761904,-0.27661945103622454,0.000684476751747127,-4.811103802147535
-0.0005274180248471261,0.25,-0.0021096720993885043,0.05158730158730159,-0.010223795558575059,0.011904761904761904,-0.04430311408715859,0.000684476751747127,-0.7705419117609057
0.0012091566288259248,0.25,0.004836626515303699,0.05158730158730159,0.023439036189548693,0.011904761904761904,0.10156915682137768,0.000684476751747127,1.7665415600158112
-0.01951758895164324,0.25,-0.07807035580657296,0.05158730158730159,-0.3783409550626228,0.011904761904761904,-1.639477471938032,0.000684476751747127,-28.51461193068222
-0.0015507769100971958,0.25,-0.006203107640388783,0.05158730158730159,-0.030061213949576407,0.011904761904761904,-0.13026526044816444,0.000684476751747127,-2.2656385423447
0.0016301081090528413,0.25,0.006520432436211365,0.05158730158730159,0.031599018729332,0.011904761904761904,0.13692908116043867,0.000684476751747127,2.3815390440829294
0.004368436123663999,0.25,0.017473744494655996,0.05158730158730159,0.08468045408948674,0.011904761904761904,0.3669486343877759,0.000684476751747127,6.382154123589392
-0.003290723747424562,0.25,-0.013162894989698248,0.05158730158730159,-0.06378941418084536,0.011904761904761904,-0.2764207947836632,0.000684476751747127,-4.807648673274862
-0.003086207876457192,0.25,-0.012344831505828768,0.05158730158730159,-0.05982495268209326,0.011904761904761904,-0.25924146162240413,0.000684476751747127,-4.508857121267663
